{
  "Version": "2012-10-17",
  "Statement": [
    {
      "Effect": "Allow",
      "Action": "route53:ChangeResourceRecordSets",
      "Resource": "arn:aws:route53:::hostedzone/Z05739232WBO20BEZE484",
      "Condition": {
        "ForAllValues:StringEquals": {
          "route53:ChangeResourceRecordSetsNormalizedRecordNames": [
            "test.qinjie.com"
          ],
        "route53:ChangeResourceRecordSetsRecordTypes": [
          "TXT"
        ],
        "route53:ChangeResourceRecordSetsActions": [
          "CREATE",
          "UPSERT",
          "DELETE"
        ]          
        }
      }
    }
  ]
}